,Cycle,A1,A2,A3,A4,A5,A6,A7,A8,A9,A10,A11,A12,B1,B2,B3,B4,B5,B6,B7,B8,B9,B10,B11,B12,C1,C2,C3,C4,C5,C6,C7,C8,C9,C10,C11,C12,D1,D2,D3,D4,D5,D6,D7,D8,D9,D10,D11,D12,E1,E2,E3,E4,E5,E6,E7,E8,E9,E10,E11,E12,F1,F2,F3,F4,F5,F6,F7,F8,F9,F10,F11,F12,G1,G2,G3,G4,G5,G6,G7,G8,G9,G10,G11,G12,H1,H2,H3,H4,H5,H6,H7,H8,H9,H10,H11,H12
,1,59.1196126889672,135.234923644231,113.417330836925,-55.3071063244179,24.2931565325234,-54.50210707922,60.4587834337399,49.0052180240236,-14.9789275059193,-28.1413044552701,-32.2598519390217,-25.2232287941265,47.1872959489847,100.511485972392,109.453892607156,40.2011732111259,25.8542980363527,15.309628543956,10.2915102596444,0.0528371700283969,18.7048049701752,-35.2406498976611,16.5818496580368,-15.1955833290303,70.621407757345,96.8791298509605,95.7954329195427,37.1008762913425,31.7692944102546,34.0935037648651,4.67991509596686,-17.2131586907235,3.02291809185226,-42.7066424402033,-31.8178310385424,-20.3215374791448,40.9612975458595,117.435077547248,87.2114114674423,41.6186630460197,61.0422351973039,52.1645996293064,47.8880172421104,42.6110094194937,62.1214407839552,-39.6214312392194,-23.4363520181196,-15.266804877378,51.9794440827127,97.2426814166774,90.911375027812,43.8954081153197,50.0487885225339,42.486027132848,-69.5947782280418,-64.1768592806729,-56.6908053166389,-35.1537331787426,-28.3265096822365,-13.8438381200062,59.3190030247397,101.627065020366,97.016335261962,76.0597788274463,48.6473474778759,82.5137515268852,78.9033016522917,-7.83097911482218,-28.9411666395335,-28.9814376181321,14.094922200858,-21.0035345742217,24.7467361872696,94.5176775556802,99.4197481383289,69.6064050919376,112.332003604883,73.1702780540927,113.181407353994,73.9356898089263,112.217576723203,-36.6300133601794,-33.3027363628667,-26.8862659364459,-40.2254970611639,38.0239466492021,38.8870867411224,20.1690250139955,21.7806133447739,16.8175366368287,30.708891755211,51.5248572239843,93.5433999350244,-26.417138140152,-30.7925411276947,-15.4161914128313
,2,131.839951575343,193.533204433229,154.475392941352,-14.878393819391,22.7220224852235,32.1892267053518,47.2210225788313,25.8600012210754,42.8007084278652,-25.5173914487827,-23.1389795696241,-20.042653979498,63.9199465628599,60.0275522504144,72.228582314061,13.4061728896522,26.5753500846922,19.7999288317569,16.5931935498729,30.1501939726386,25.652991288036,-31.603595933102,30.1241859016673,-17.6817407757967,71.6347117339656,65.5362147999585,62.3334720443636,32.0187587392966,28.6720282778497,27.8847983587439,8.23724855580804,8.5577961490344,13.6767961033693,-32.6831536522413,-26.6655977973305,-14.7301393491539,64.9687126303133,89.1561779032727,69.6801429260995,40.2024299260584,41.4606016412254,40.2353157021762,41.5187680772588,41.2099607542623,42.3245731876495,-28.7154013422455,-17.1778123913823,-8.65586098585618,63.5816686408498,71.4792807266394,69.2113353212781,39.7782558320087,30.5791496434804,41.0534583227927,-25.6170971553966,22.3519006257793,-51.7279101759977,-22.4807403751033,-16.8730851035043,-7.60318072113159,67.76718619045,72.6944213008692,66.5625989558184,44.7063321240548,74.6585436356836,55.7160374254108,85.1433738246669,19.1871178252968,-7.87949309989563,-23.56524636424,26.7641044463226,-17.8951187983985,49.2376227881196,73.8122847804971,70.4849728991212,44.2701097813315,76.566329588848,54.8630516987414,58.4039184572966,62.1060241729101,73.1410965509303,-24.9133723055074,-24.228005574148,-18.9904486150203,9.9447202326628,66.3438410463323,48.5693929350082,51.1830328117248,40.1365689376798,35.5727028662859,56.4577782677097,72.2868159410027,91.9517193997744,-19.4182155537287,-27.055538666943,-12.4170088389219
,3,168.744945220417,205.204398166456,189.790021561226,-3.6397855057603,15.7364322885987,28.0204674500192,35.8140077634143,40.3099891349602,18.9695097522072,-11.8513876422971,-13.5364210334401,-9.89798068854725,39.6589948962528,32.1303722759139,41.7519996094188,3.72723391511408,5.82362692795687,15.6344330444927,18.1012660374399,12.8447023419749,12.0772053875498,-21.7615742096045,36.5248751352119,-8.39242155768216,48.7736442382111,45.9812543435337,39.3195321988496,17.5785613553671,17.3184445991756,21.1973255956445,5.71133184924474,3.70334737206758,10.5356269299009,-26.0439915882816,-20.5885787396742,-3.63322072653273,42.0321445774816,56.3063381953007,41.2597087341201,24.8944149116824,27.088363544779,25.0370452860652,24.5950384029002,25.9463830210134,36.0107205913,-25.0345852403593,-17.2909813237234,-10.7777982314151,41.4518238973442,40.3802335247647,40.7252209680919,23.0277087514605,14.8998986295446,25.8413772236763,-13.4766272687884,-12.2467368618763,-6.3815592900919,-17.5142101046431,-4.97961054953521,-9.99531950036453,45.5810005026078,39.7224763022978,48.2542013725397,18.9211615105087,43.5049351113867,29.1742817966733,45.3076368650964,-19.2932557199019,-20.4207360653563,-13.9935900461005,35.3325253547023,-11.3452676962629,41.945852790861,49.2136726361114,44.4149194774373,18.7730452295618,49.7092384267289,34.9034552142111,33.9027983919677,42.0366494585069,46.2446707786421,-17.4326779287676,-15.6201829737106,-5.35512032536872,9.72344754913138,38.7287499709246,31.129257943674,28.482944312791,30.9407528819702,24.3918747519019,43.3807472308899,64.8362327911773,59.9957734651161,-14.3161211017514,-10.6463002572914,-13.7591144611511
,4,213.591680976191,249.816685532724,228.993215816397,6.62995480635709,20.1122843762078,-6.97466209960476,15.5423522482197,31.7250280013832,14.5766989520835,-13.9515338544084,-12.5257132890938,-17.9551090232244,13.5300730642421,17.1556040827154,18.5323019567923,13.5579624635848,15.4300534299236,13.3855973931786,21.670078070204,12.5415624146881,23.9628071709321,-19.7412716610465,48.6998335136159,-7.5929430534743,29.8284495005055,24.0562613098546,24.9235714080087,17.0201173023588,19.4144354967048,16.9933666711904,12.1164574567592,12.4954480394154,7.99029627564778,-16.127432422144,-13.8598880996265,-9.66423998629216,31.368353621915,44.6048264825486,25.9685459352477,11.5176362591219,22.4733709757966,18.8592587286312,29.7054993692927,25.2668672302325,34.1718828868907,-14.5815129583352,-5.84449237113358,2.36099335970857,34.139936919375,29.2659474934817,31.3929115206538,21.7264532575728,20.2220349350719,20.1853664044775,3.4329333766218,11.4465829236597,6.46780378922631,-12.314797437451,-10.9967185428222,-5.57655809032804,31.443826911589,31.2620480689247,29.9910704482272,20.4293649914671,35.4902564526292,28.0150124564989,16.6019183989702,3.6418156026939,-11.4794020668451,-3.86205360449276,47.110033806267,-7.98522381848397,27.2085149606228,37.5230926744898,27.6745270142901,12.350764740595,21.1006856127351,25.5633606663287,20.8083555567373,26.8617123468803,32.7851732582767,-17.6355537427357,-7.18014585671108,-15.9212323115948,15.9252283897649,31.3403014612559,21.243532071383,25.0248527011217,16.5027842286472,20.202191014263,26.1279231517765,39.3952208460487,48.8874717212402,-6.74071845131357,-11.1108789572345,-15.4602737847649
,5,278.961259503812,337.249494539583,311.504673348994,5.7335929280116,2.65923745760574,-1.55613885702041,6.97779846020057,8.73856200821956,11.5913777294791,-11.6525988135336,-8.34468539120144,-10.4426128437103,-4.33608209568774,-7.69030787228621,0.604968321407796,14.5415460273507,16.3568818434233,2.63539125933767,19.326080246321,18.4730911724037,16.786074300373,-13.6325012656939,59.3255897733829,-8.15218694035366,11.1711697699111,6.15022433244849,5.19029510161272,16.9650459138156,15.5336229367449,8.17267701043056,9.91411825029718,12.8025010383317,19.6617530027997,-16.0869773634417,-5.89545445428848,-6.48300300343135,33.1441867821795,29.0457161614959,20.3513646526935,15.9104897773495,11.3779129990244,15.4128809113508,25.7309607293537,11.8030619729398,9.01580898896918,-17.8877887826152,-4.26019899785115,-1.493551309542,28.4658906491595,15.9860394937232,20.6601882009736,20.9541244912289,7.1649462013429,26.8744178743336,22.2057145977615,18.052599593495,23.4931762851866,-11.1991165701347,-8.77157001110072,-13.7910848703805,24.4082138032436,27.4130130662888,19.4907117039893,2.24388720991374,7.69812755410567,3.57140962731501,6.6913738737876,23.2693106099105,28.214354935466,-7.7245078774049,58.2266631331968,-2.43206136240906,19.7145790030936,30.7531584746303,18.2613148267055,6.00464547601769,17.6483915950012,20.8119576886893,9.40362977411405,20.4431344911382,27.6386272886648,-11.6105103868795,-10.2194404190109,-7.62524149677211,9.10138870938499,28.2374333854259,15.9384778802614,12.7224679929805,16.912101563702,21.7129918949768,8.96266909324549,27.2132101909028,33.9627144907417,-7.20214410608332,-5.90890628033003,-7.60882281541944
,6,395.734513078664,466.865460682407,447.951064035129,-1.39816935227918,2.31564134196196,-19.1278028349316,-3.25672798660344,-9.79013386400675,7.95422668806714,-2.12219644633296,-4.29168525188925,-6.07786364203503,-21.8899628905083,-16.860823674604,-27.6748499630266,6.83696790207432,1.01172648292868,6.34303114020258,16.1757328777303,17.9979164833712,12.6017084617752,-6.84757597027783,66.1139969709175,-4.25355904654407,-7.55795407758706,1.64801142931265,-5.77709328658875,1.67021293709877,-2.31029548309198,2.08406431047479,9.38014027470126,17.2618080571174,8.22955419282516,-6.07248089699351,-3.37324602154013,-8.3424351813037,17.5602391369202,9.47474339996734,6.81520136127619,-0.609569279433344,5.34277404441764,9.9568250763341,-1.24686674757959,8.93914696251159,-7.16407459197308,-10.294609965621,-4.18505777408382,-1.41173006845429,14.6182372188123,8.43260899692359,9.91614043221125,4.677711911816,0.364991313957944,5.83558275310588,20.416293105598,36.0747119940006,13.7167901919984,-7.70921606798584,-6.68755745932367,-4.69690672209799,15.655626172711,14.5800686883886,13.0478701752963,-1.2060469701828,-5.12389753157004,3.60637597091227,5.36667940841471,24.7398021505669,8.20196678765024,-2.96007074994986,64.3996341761135,-9.1100092878919,16.3844422238681,16.3799982220589,11.9351613862564,5.55132630579828,5.96490260926839,11.2095823921609,1.55915511734474,5.80549195130698,15.6566771424168,-7.32186594462473,-4.23859321065675,-6.54582902715674,15.0401367187451,22.1272187026379,6.01946334510285,4.2694448894099,5.8628578627995,8.04077350348598,15.6819448319893,15.2614197537523,15.3840047436688,-6.90635027196959,-6.93131895521219,-1.49867390570216
,7,612.888358814907,749.761347866531,742.264483944417,19.4359703118462,-4.80977618233192,-13.8102062561156,-6.10711235979215,-5.09615166681579,-2.41203551235049,-6.5942013392737,3.80956388216055,1.74416994831518,-18.0543747260754,-18.120810303195,-22.6033839214879,1.1344396302984,4.50587182468371,-0.542185957174297,11.2286606735615,6.36797384263264,-4.28465246111864,-2.85593131670794,71.514537619677,-4.1968651436132,-19.1239042643083,-14.7524247497004,-10.3776685174207,3.1073016182354,-4.05476043361432,-3.86468297354349,14.1993212154994,0.123485865979092,-1.1714125186063,-5.48951500739713,0.0632623199198861,-2.87390158505195,-2.07850248472096,-5.07000138671629,8.82266341880313,7.32240018032826,-4.70914390185771,-1.51704951958345,-13.3268365358481,7.92008003721094,-13.3517001633109,-4.53857499718379,0.866737753166944,4.6240808545017,2.26338288395164,2.54288893152716,3.3119902447479,2.0725099888341,-6.95063161211874,-0.173660109820048,24.598849752585,17.2593513280444,23.3134028597015,-5.39726567171238,-1.29238621233981,-1.39630057818158,6.9081022366845,7.54373501698774,5.60348818032253,-0.866375667266766,-12.0484188608334,-4.16691059210279,-11.4118701317111,21.4857591787331,27.0509889503173,-2.12291238460284,74.2360779273376,-4.21887066359614,10.501595203933,12.6394912771721,1.50534581759894,0.940341675941454,-11.6822989630527,6.4200946456258,37.6253563079636,8.07819137587194,9.52131294720493,-0.289132359904215,-1.78411605635301,-3.53737368632483,15.69524364883,13.2316860508881,9.05998464351524,4.11680938053996,8.67553850003242,3.70485138842741,8.07612674504799,4.4532959719254,14.5207552448819,0.777513923642346,1.17949861981788,-1.33082535701942
,8,1005.12273379047,1234.96859390285,1253.80528960314,12.0588703146659,-7.31902419893595,25.8964730608823,-17.8013663441798,-19.4432284448594,-10.9394144224188,2.31729651993146,-1.84726634032768,-1.65184797178836,-1.42512419283412,-1.24016318682698,-1.37035655010641,4.02057277555468,-2.46989543911968,0.513645103154886,-6.18243316281769,3.64272530013113,-2.96538033623528,-4.70050633739675,77.6733839163089,2.38136111951781,-22.6010488363672,-26.7515542161318,-26.0921377553004,-11.5038432314632,-6.49696816788946,-8.87497813112168,-5.40081257103702,4.98178570057462,1.86341393998737,0.748871829177915,4.69432337175613,0.919413267482923,-12.8912157789237,-16.2664204753592,-5.4729774306652,-9.36938434675722,2.89565377151484,-5.71512241849268,-8.25312223090168,-2.9837964364815,-28.1910529068327,-5.40829771774315,-0.305225764691841,-5.92948367951931,-4.4075967003273,-3.40453478990003,-8.50301736558777,-2.24352607790206,-1.35918881292855,-9.24549795185976,22.5979690563036,6.78613076388865,8.6930342327596,-5.77437461372574,-4.3018804385365,-0.17005456988818,-1.28163119177043,3.28736162059613,5.34832750425085,-16.3363425031712,-26.5607903621076,-21.9539632258929,-47.9292616298808,2.05794256933041,34.4082101268723,-0.238570868355964,82.686557489053,-0.885405909507881,3.3388238377247,2.74874754334451,-0.24549458488309,-6.50222649950956,-18.4965116092335,-14.0209195671378,17.9546929922244,-8.21695156865735,-2.22043481272704,-3.32794543584941,-1.1915360114167,3.94849309640267,7.22916619196349,5.01530898935016,6.40308403522249,-3.13216594685218,-9.44610125795316,-2.17399457866668,-11.831230800778,10.1849085519498,-3.58095834715641,4.88083892948271,-2.45456155545708,1.74888997968719
,9,1729.75775794206,2119.76734732975,2175.64963063619,0.00197617164485564,-16.0342627257187,23.5534992369958,-32.9316064753075,-24.3885772505801,-9.81835664050595,-6.48162572488536,4.03334010513936,5.1057490740377,54.2018906111234,47.8710512659218,62.7565560283192,-8.51839295373975,-8.6614354012836,-3.62730847928469,-13.9564594118056,-7.44093566062202,-17.2585102096673,-2.78729450800392,89.7383620753649,-7.21251035715022,-37.1692105073562,-37.2623862081227,-30.5719900171162,-15.1922758046685,-14.3526799577548,-17.8401519971812,-10.0955059952157,-10.8398377957274,-7.48988793877106,-1.27882586921305,3.73754285031782,1.85111886110963,-24.6406211844769,-27.1211847123332,-15.9492303020634,-10.5637201746276,-18.3418180801773,-19.8977634508165,-17.0894835743293,-17.3767589160479,-26.8237430250447,3.22265202261269,2.23645834243325,0.717897096523757,-6.26722558189613,-14.3457307446633,-12.880971306352,-13.8226994531778,-8.10212272702938,-23.1240720758933,7.16884472022866,10.135945745591,23.9995149444567,0.0282165981420803,1.17790902742354,-1.16486340170468,-9.31986157954816,-4.16529949900541,-5.8874364585181,-21.171418275635,-18.0239128380999,-25.6350265913607,67.4712794841143,16.6915743239715,19.9893023556579,0.972106064382842,87.6557680497567,4.11614424432082,0.253789684105868,-5.12818756645356,-9.14891174202148,-10.8288514199503,-35.9473906480616,-19.8688569062597,6.35227689783278,-8.87932742795601,-8.31454213860161,-0.319944612447216,1.97874713817691,-0.925256689582056,5.26970392462135,3.63835389933683,-2.55813901997863,-17.9986040468912,-5.6068010014651,-12.5345002426184,-12.3732260977904,0.393069815308991,-20.300960137105,-2.76584919603829,-5.52445022524535,2.50122774424153
,10,3006.1456725269,3618.64790233304,3766.28348213594,3.73727081184552,20.4667017190395,5.63094826517772,-31.1379163461806,-27.3247806674744,-21.3195036090219,10.4571548763911,1.42810347722298,2.65481793313847,194.84045004015,165.315412572469,195.672960365371,-9.25755404379106,-3.77250763117445,-13.04855692619,-21.9090572369705,-10.86849422461,-23.9022052967293,5.95302133655787,91.4306331896205,3.68460121319185,-38.0841196031097,-35.076933511702,-34.278357271869,-19.3148354065643,-26.6620497395197,-19.436684464712,-10.4299975127506,-11.047044201805,-9.11878811668066,7.92145483518607,2.8016158058349,2.93675397162133,-31.7631764944481,-29.0320563630039,-27.2047391611959,-14.1317623675086,-24.704714462333,-27.8874126212295,-24.7672093893725,-28.4999762214411,-27.4254483500508,-1.44065096116856,0.908517253807986,-2.63510667319451,-20.2987211691152,-16.8041371616446,-18.7509748712373,-21.3067799590463,-17.006607177952,-22.1288311744092,4.90067584848293,10.0873051947947,-4.22993106135073,-1.5588111296629,3.89451974967051,0.154204386286438,-12.3864899272658,-6.41882449805144,-4.37416947698785,-21.0363178609114,-27.3507484901111,-32.3544075767895,47.6544936873215,-9.77303393864349,-0.689397884791106,7.73634424039665,87.1675459124972,9.42406523742147,-1.64823210723625,-4.49310095379224,-17.8126659997279,-15.2874817542015,-51.5502738418054,-21.8925065052808,-5.65731119766861,-1.87308525475328,-16.0561046365492,0.510792366698752,-2.90365759571205,3.66811359306939,-3.79628447097548,2.93259342788497,-4.210797694137,-15.0028453530404,-17.5637431207824,-6.77663896432296,-20.5607463697816,-20.4990246251373,-18.2640922447417,4.29790710683073,0.318089026377038,4.77706815077136
,11,4980.6590239652,5855.78278101619,6096.58376118184,1.18848483908187,20.3485686929307,3.06060872453509,18.6470074596928,-40.3037722893341,-32.6646017093299,6.40851358976397,4.16556360324148,6.87575496870295,478.779941934399,411.213771169525,491.02769314797,-19.4668283427236,-12.6014747791123,-16.0663501330864,-27.7873675152268,-27.7811977363335,-16.9083462279614,4.80456143638958,97.9307093939315,0.866712266817103,-28.814593474126,-24.5069122349023,-20.5567857426095,-26.8133733678123,-24.4935118960984,-25.0641580107413,-7.91482531744623,-12.5492187708933,-12.9455740362882,0.506857761196443,5.21988394581513,-2.54325196735545,-43.4445228935383,-47.6642886646869,-29.360964257552,-30.8946073114166,-31.5033983915791,-28.6278659975769,-35.5147965366787,-20.9449403005965,2.54826037075054,4.21688608906197,2.31140503664028,4.85070430592486,-28.5168086940184,-23.0895895706135,-24.3890891750489,-24.6102459827443,-14.6063242855626,-28.4048549084555,2.9767804858111,5.0898088673257,12.6600446763896,-2.20564957240913,2.83823044993414,5.07683749394801,-21.6032901291728,-14.8291672277182,-15.1689629821276,-6.6765660825622,-39.4091263379014,-23.8156846613256,4.95223785327107,-0.389409147805054,-9.37343225511722,-2.07704068336352,100.028251024185,8.56112096903644,-5.4588519713725,-13.1145107610382,-19.856976728156,-20.3676947653803,17.2231218744455,-36.3124069768874,-15.1901403560805,-20.865796148405,-23.6895703924556,1.34275275123173,12.0706272357215,-1.83220866230204,-0.831690012700165,-5.64763733490327,-0.297180373852825,-26.5436789557152,-25.1610967217075,-24.2692349763756,-21.7762473616385,-22.6392860910209,-24.078222566025,2.0701172196168,5.40027943665746,5.05587750732502
,12,7615.18220229912,8571.18877640214,9026.45577853693,-0.418982956939544,6.80252003870737,-3.8623288099925,26.3103038742502,-17.031128145858,-6.03220975642944,9.36794770991446,1.87077736131778,0.0978747547460443,1010.56099528061,881.382790182989,1052.59982721571,-7.87229647399545,-9.59616151606588,-25.6463285021018,-23.0728119917394,-21.0932303277987,-22.1789278304577,-1.75665809390421,108.053969988262,3.34872893519332,10.1255849145136,12.2389985151503,8.32676433281449,-20.7201932890612,-12.351521578652,-11.9018096409382,-16.1447126257626,-9.86747993331119,-15.5290428691933,1.2280311472573,4.10191324456582,0.276693182510371,-44.1882650210364,-50.5751815110943,-39.0319201337015,-29.7617270134742,-30.837116763495,-19.2249608161619,-23.9123142907956,-26.306308261378,8.18618975200297,6.51099784129201,7.91755352049586,1.8976681963718,-37.0558418432574,-23.0419367951035,-29.8467439910019,-31.3348952558272,-11.1407894515296,-31.6130257581572,1.13020493501426,6.93253088226811,2.40089014235127,1.26345923983627,6.99931060044491,5.3672041691475,-28.307595306459,-13.6945120618193,-16.096828622055,4.36444556731658,-17.4212294392219,-5.87542810848754,-1.01578415186668,3.31375924094937,5.37850037747012,2.03414917947475,107.88035886811,2.15343615137226,-14.0612079831508,-19.4329844838521,-27.1520366762179,-21.5198784681306,5.46548046859971,-35.3649555178308,-16.7366903818029,-30.2475749015621,-26.3538472093041,3.61889116563543,7.44030897694483,4.71914034335668,-3.27988362598535,-7.79499944156305,-2.72334464218875,-24.0919716029975,-21.8269162714878,-32.1707818983932,-27.3593605608658,-36.9820329878112,-37.0392389270055,6.10672782955771,6.25174372420724,5.4498369691928
,13,10276.7163671045,11044.003921754,11687.8465772983,-6.54834932005087,3.13153085241629,-4.56605418536674,36.7154952298279,29.2538654188738,14.6181850535959,9.77276234490319,1.63025756735033,4.77711236210598,1996.13212855307,1763.03029260995,2063.64228611534,-10.9549592929161,-11.6503022240076,-0.852333170619204,-25.54169963393,-27.1627047274314,-26.3563959388312,10.9636169035994,117.115128241142,-2.15454319262972,104.346921312269,93.0213167878119,83.4845962595864,6.81841556486597,6.50697365982887,6.96659383029964,8.03522408963727,1.81076175266207,7.92868637101674,5.21644259393088,7.39066334608833,7.0686105460918,-43.2575094074227,-49.5218553309469,-40.6776471495832,-25.230142706162,-20.3499542756726,-31.3446434686884,-18.2934770594247,-20.52480263285,20.4865067139863,6.75535114509739,10.6578124399589,5.68751386749227,-28.2438552274998,-33.8621635199215,-33.2073654508686,-18.6126066217621,16.2844094965358,-15.7858762736378,20.5478060757832,19.9833327784254,23.0765081608661,6.86742936582414,3.73285228970099,6.86219215513393,-31.8446357654993,-25.1539508862015,-29.421412708045,49.1184859033201,10.3580477601172,91.3968274408126,-26.6812899293345,9.92839263074893,-6.38550251854031,5.3969718343601,108.901535025397,6.05543179859251,-11.4978249141686,-25.0282212524789,-24.6670951538326,-11.0782402102232,11.4123480559992,-30.9814161209815,-21.0028035109845,-28.4416117119363,-33.607978365063,8.6514593746524,2.0896420269778,5.29515976840912,-7.11555422194306,-9.2373159347926,-9.40502681598628,-38.2973426987755,-23.9890734350538,-32.2480859871348,-29.9277637252089,-48.274376671402,-55.0595221865824,8.0467076687396,3.27806520592821,13.1748739627483
,14,12547.8140393687,13021.979440397,13838.4622665683,-10.7335946176127,-8.15053144416106,-5.67929087245466,94.7426249026648,79.1125093400187,53.6683484778787,10.2988000897085,8.33770182388525,12.7103024074931,3632.62939061667,3255.68596329407,3781.15078109055,13.161207279989,14.260203783987,10.3973566042841,-13.3809562477463,-4.09524163844435,-8.19976267046604,9.44830739743747,118.5924479854,11.2064305286626,275.788440076967,273.929362445904,235.424303018328,69.3044491035034,62.5872473184727,59.5777485113977,40.6386403952965,44.9070193012922,45.6230023902572,2.99085167235899,6.68610365887571,2.95800685667791,-39.0766933050736,-42.8462564959646,-35.8710055516231,-17.6079782984434,-15.3992663670451,-12.4089591948978,19.663904267728,9.13356405667037,47.0350824167281,3.85333731457376,11.2043076584587,4.82914208833972,-46.5564236761265,-25.8226834581583,-31.6354264401052,14.7388595599286,39.9313729136911,21.1143639488037,79.3297260439649,59.9310979032689,52.9543735825573,5.94284665301575,3.26240991706436,2.99791184689639,-35.2216510269445,-26.0084782248541,-28.144878126097,147.875088129545,99.0341744369671,168.448484964101,-17.6260372267916,25.7349340454857,25.020615415895,8.03783617808494,117.180732653037,5.66701499938154,-19.4904737580127,-26.5161380627023,-36.330669329338,10.4212834786667,14.7282897380992,-19.6042033383928,-28.0547877027975,-37.7296713605665,-35.1779578441765,11.0705022599227,6.21537893015648,5.37603451960922,-7.15694273681765,-17.2858429054568,-16.8492869350175,-19.8120027309005,-31.4604565595901,-32.4722961190882,-39.7687758901793,-50.3165384339754,-46.2454977131483,11.7974654990335,1.74897086936562,8.64918103837272
,15,14225.0183790146,14374.8261781172,15326.9895319776,-1.09846446945539,0.37103972175737,-0.760415732506772,224.591762275359,173.070622560947,161.798699101408,12.5111277959013,6.2982760195423,8.56592312136218,5989.0379771492,5535.77666431814,6310.50861899119,37.4902760972327,36.693452577314,43.8795515399024,13.0100876908045,12.3435887835039,8.18217204154917,9.85378864594531,126.098546348432,12.6516664561018,627.961336075345,607.583078678343,531.50248121395,146.985230327611,168.087719980316,156.161102967983,126.52564049693,124.330304394627,127.17585966701,6.84771772617978,7.32180466618183,6.84198312062699,-19.6092103066685,-18.3981966613401,-18.159381823808,10.5745477433375,25.8012517148427,16.8135881068201,83.7937178117072,92.4398097582098,110.136309752295,8.37396068527187,6.44454130697841,1.51220048000278,-44.6734263236312,-40.6807676491799,-38.9189977360656,85.3062887960668,113.619381762142,83.7893334276396,160.243895379683,157.729379518389,156.321378548895,7.22333054195678,12.4360411166554,5.85283468386388,-32.1636753027115,-30.2525673056189,-33.2186344671527,431.53301327906,268.750644868689,342.83238652693,23.7031793715105,94.4289368798436,97.1081386908008,8.1547165105485,121.292135296691,6.56164559224499,-24.6651992098386,-30.3811312110365,10.6837601851239,53.8720271485417,55.3004618448667,21.702380088911,-42.6879730414121,-34.7881616711375,-37.9257671840151,8.67158261888517,9.64279407653294,7.88998411719103,-10.4743305084939,-20.9659634948475,-18.7164255964253,-18.1023485626365,-18.8836309114413,-13.3854408693078,-33.382898507838,-56.0867811083563,-58.6975048562326,3.4425587212645,14.6974764925139,7.10468274416735
,16,15339.9781834147,15223.0693702311,16272.9461902343,26.9309212519202,25.8260600206277,20.5981731657312,464.098272351062,385.929053437555,405.970196831899,12.939911036201,9.22502669698088,10.1949043176141,8686.30525317823,8419.28710666387,9256.09159686199,127.195068518194,116.880930650191,128.967777449537,89.3258825305256,71.0310409759641,74.3164530471167,15.9828810955382,128.863976790642,11.0137827322465,1279.59595649761,1235.19567291814,1109.57793007784,347.179687781383,381.568871366888,348.578990347488,293.484727545316,300.447968522465,302.974347678171,18.7999359309847,10.2768384232231,12.0102747474448,29.041591895375,37.8844408083514,26.8826412381468,81.6596877885013,75.1219744359723,80.9814032862405,243.471202965152,235.420800691765,270.910819901525,11.072408337061,7.9163642562271,4.63428776579622,-36.4916962923462,-34.1090374869118,-35.294424046464,223.48837664205,261.416421343072,224.845982315343,354.595071384038,342.029993082877,350.463391551813,6.42516184433134,13.0611792584091,11.2987523642332,-45.0926864633248,-37.7634748560922,-39.407359649329,795.155045636506,607.899930836949,659.713094063429,151.888718757495,210.638572216543,220.179885201815,12.7863757154309,121.938905080371,7.24175772933631,-22.122383818828,-38.4809885526038,1.76791272985156,155.321821111997,144.041007537329,110.240115816758,-45.9303913297945,-34.3036227383582,-45.6286770102233,4.56945866761816,8.96274430586527,10.1457796386821,-13.8513102058432,-21.2023325471746,-8.44474599903242,17.5674720524894,28.497182550891,24.3017364910947,-37.074330983959,-59.1903615981555,-62.5471852195706,5.65593455483531,12.1282041393761,4.32027215004564
,17,16034.7369946225,15725.4934726107,16836.346642735,84.447277472359,83.2631815478935,89.3102696358537,903.005819455211,782.817773211638,834.622905599868,6.22429192104346,1.1809020305468,8.82842478003022,11023.8047432439,10969.7280140813,11846.1109585422,283.464234565334,279.109723800283,276.464954597138,218.327997426114,185.576055998713,177.524941598132,9.55065494666314,137.63585314068,3.87846989507534,2439.7842138666,2386.49737531644,2136.74660388909,734.295306757718,795.707001519972,726.369622500392,611.261591661345,622.275834739918,645.925863460532,10.96285210117,11.8669616168772,14.9114491695004,143.34790265359,157.640918995222,125.094642917492,197.693823636453,197.722551066819,199.666034174287,522.92711544349,516.924274487955,539.743467118125,4.32046776567086,9.18016281360815,3.51023880856383,-14.3287415451859,-26.1830551563808,-30.1103273205199,504.744604275475,552.277172849739,508.41833958067,721.47945783694,703.217524994876,709.698939919668,9.9119576053813,4.90471712467388,7.42837964714363,-14.8374371659411,-36.1357838984859,-39.0479143741504,1482.554167887,1238.14688884035,1262.73581058727,423.000776016856,473.572356676574,515.103846594351,9.50899896661895,130.464145771159,7.17710709314952,-26.3979606360008,-37.5973243180442,1.60831375565795,349.91987324561,333.23439956187,291.604928395716,-43.0246410316431,-36.04700103698,-40.5078731833019,8.84636816968577,16.7230424900517,9.95496503897266,-9.81293993639429,-20.7053511322156,-18.0923132061753,96.0402728285198,87.88579455115,94.7539163163055,-30.4775395374982,-58.8399227677919,-48.8685188773507,7.50669241615651,9.65234122696484,2.63876447357916
,18,16481.6958590359,16041.5668446365,17169.3789912059,190.501686766286,177.327541630437,189.560604850412,1718.99881276553,1477.13956576412,1581.54369584119,8.89250488563448,8.88783544165017,5.40502264980569,12809.804489619,13051.5928443343,13854.157805202,568.98846159053,556.849777473461,558.935701158741,480.137497824567,406.654117053766,405.687243220973,14.2051579592085,140.483990781728,10.798827988775,4311.63107638418,4251.03794227401,3843.85688816035,1436.78770396368,1536.46802734624,1390.3957687181,1197.72900763782,1232.14336270722,1337.22138220357,7.7411241826203,16.4543294549626,8.97585854273939,371.489778642007,393.199323127316,314.389298331451,415.933400611422,440.784800973173,416.465320553802,1067.7465477007,1047.66676404276,1088.91552999995,11.3852884441158,3.66873963371881,5.18562320695673,-2.74887410964766,-9.30680777697944,-3.46931327886523,1015.09772653997,1092.75433464968,1029.38445552535,1362.57777679593,1370.07958985187,1419.9980962824,7.96575509024433,8.27957981454347,6.93870482196689,-18.7444377193106,-36.945853180936,-36.3389769993792,2640.91455873106,2329.53827029437,2313.90339282703,906.391170068269,1130.90624001332,1004.83486749009,3.77848957497827,132.571587989405,6.12873980899349,-32.3314506750348,-46.0201460021535,-9.40108659459565,704.512925171413,679.188461752523,631.230950554127,-39.489138091858,-27.7452837050405,-43.8202957263511,5.65635072508485,11.7346604980589,5.92293948805536,-20.0621303498247,-19.9341656012075,-15.4054653099247,232.291583928614,229.650545408835,231.995509972292,-26.6026287408877,-56.7942656366722,-65.3189543482977,12.312972404623,7.18600964570533,8.07094206109559
,19,16781.155091549,16219.3420169378,17383.1238898592,402.215573942813,400.757530335899,410.503902719676,3152.40401136748,2732.14007870839,2950.03769013267,6.03984496115299,5.52877932993715,13.6569764399651,13974.1235689392,14458.6096104679,15167.0975371633,1129.87331329817,1112.7481212114,1119.74190306849,992.715351376696,839.597751983008,812.533063002833,9.65594201191107,144.94169299664,5.76985246297272,6939.97100155341,6998.33402450903,6414.25605597974,2681.07538894753,2866.74236376849,2596.11736008498,2272.06379066684,2313.39447136788,2482.10926068267,6.52107461202104,2.80475410165218,7.65777030121399,802.501829759017,850.257525041638,684.356171706462,864.209443137498,883.184501224478,869.691663439261,2049.04287413422,2036.60431575688,2081.41952115453,9.52428069991174,4.72107149980002,1.02232124098236,44.3460401760331,33.1240662726723,37.7546205524714,1978.66348595057,2099.52131329111,1999.82321023577,2545.938264685,2561.80196276852,2684.88175131564,9.58548292435262,6.06693656766674,6.96982845098682,-18.6159932694436,-39.6671484822473,-35.8535530851195,4548.49925863526,4156.00421839935,4052.63725769732,1822.86520605323,2003.14430044319,1902.85089782465,10.2154383410843,141.431327612132,11.1088277416629,-34.3022319669635,-47.0803542799058,-10.5072359208079,1387.09512905344,1357.34767854056,1276.83168611214,-39.5301060543479,-11.9967633284341,-24.4681571959472,10.9342286526421,9.42379974050164,7.88258051621096,-19.7806931477026,-24.1874989787939,-17.8238884534503,514.766627062514,507.52993588477,518.514175762614,2.52995579162416,-32.86041635324,-36.0377363781063,5.43753960099502,11.00505190379,7.88141595665911
,20,17000.4587403176,16364.1901481663,17524.0626318113,792.309634656234,785.740464784729,808.478133960308,5283.38113255151,4663.44063070806,4998.65859038618,9.30758554862177,5.96124942320012,9.87183641668207,14686.5876311913,15320.7983682119,15967.3202642411,2118.10002014221,2083.04180314054,2087.79278485454,1904.72452597787,1600.02900521367,1572.08186641923,8.09653215701701,151.066719625246,10.4630966555628,9641.37481169041,10017.9046884433,9341.27762117751,4638.47940659494,4918.10351364063,4503.97210120875,4022.83979217771,4084.45963141575,4302.4533919667,12.3872544533992,5.20772980680886,6.17325684447678,1581.79056589039,1680.01405307736,1384.58619028751,1649.27696559688,1714.42163733591,1671.25757442763,3724.51465625494,3669.95397506754,3766.55913114225,5.00513034632331,8.72388956019813,2.99284747376214,125.898535965846,119.851980358042,120.814498760947,3591.18304423922,3851.30603503029,3619.86299390453,4337.62992129558,4387.18060257241,4557.67754899,14.6273137282769,20.7936976137999,7.60277568252468,-12.4099772557311,-40.8106255707798,-38.418639297659,7124.82714223325,6679.36760660485,6525.584604354,3218.56793498068,3378.79686423936,3325.3748828245,7.32061261023409,145.647402978387,3.4079805168908,-30.1729944392846,-45.2963643894409,-11.9765975311657,2563.43465098866,2545.71763855187,2414.98601546936,-13.1744546636091,36.2852132209764,-1.77677879858038,8.41469230482289,8.02310693184018,9.28966070480874,-19.5828637251516,-27.3969187176635,-16.2270802546518,1036.99420374218,1007.68181673374,1046.70643420163,30.9631782587958,-5.4871695835991,-2.55142015430738,7.71431141746052,18.5477444026192,8.01213733945042
,21,17137.7943401107,16455.6398982481,17625.2544907282,1514.81546170314,1543.92802343742,1561.25120374318,7981.17785047513,7218.67562760234,7669.52591211364,12.212068629025,5.91426779790572,12.9470683045533,15089.4393473315,15806.4036130936,16425.4514107574,3783.99117276904,3723.13094012932,3698.127256229,3447.12225696872,2966.16325581209,2927.07678940271,16.4054189607859,151.935131008188,4.01867576518134,11939.6308389204,12652.571865537,11935.3051188065,7318.91023881933,7661.93358214425,7140.69392393688,6524.18004489779,6569.67172041709,6899.03369317214,7.11724631664538,8.5468979352213,8.38200139337323,2945.5897241946,3117.14335195818,2588.08949594053,3021.69023215924,3131.68062519801,3060.89474076276,6186.42972135188,6139.14016807625,6271.55097523316,9.58359643134554,7.45218403448553,10.4578803024906,292.589046916536,274.792846203633,291.972249659314,6017.72454440363,6306.08330573065,6098.0222317554,6782.15219427049,6817.91217426364,7107.19403095599,11.005765447173,4.24715441570561,11.4913466164908,5.83070331030012,-23.4270819744715,-22.8211412015135,9761.417735861,9430.14637132049,9198.5517635401,5109.58380456054,5237.11291110338,5245.54397953915,12.5684598011203,147.401787098592,7.82852592469771,-37.5188864555421,3.6727529343234,-20.9828391892324,4461.15095506105,4446.63431999743,4288.93060191236,46.4979128215537,134.812657117419,49.8686360952433,8.17144151062075,11.2094856599938,7.32695931438866,-18.1360882138288,-28.7245295397242,-21.9493719439988,1964.65062279966,1946.5995767499,2010.79691375821,117.090938172286,62.3430991204004,64.809838137774,8.22030671000584,4.87492222873107,12.2177961108187
,22,17219.1869234495,16516.9107955521,17687.4420119808,2760.95334949818,2814.55724818686,2849.98484644614,10298.2719208808,9635.36048409054,10115.5504030441,11.7504424712847,8.78431087743729,-2.84710703391556,15342.617862291,16097.6655135845,16697.1534587304,6160.4175659003,6125.26893595616,6057.86366170034,5754.59305433064,5075.56234207374,4993.99085918673,8.77313069215916,156.7778650858,21.1128693938826,13631.1565311359,14656.9498127328,13948.3505133364,9970.88287615517,10315.5656708069,9832.26237047334,9267.68097743981,9234.52226021494,9694.46726916829,11.7324789227009,10.0766744490861,6.13873935308629,5083.30287571566,5322.74222988112,4501.27209183534,5092.31466996653,5273.26332057808,5160.572518446,9148.97332942789,9046.90664055585,9258.10441312684,7.08518314533831,11.2527174016395,9.39100789591748,600.647573171624,576.123786473561,629.784305203792,8977.87287309464,9194.57138313202,9102.97607533153,9141.58458092831,9205.38097839182,9631.76853822986,9.19543030059776,13.1306207852904,14.1292760217943,37.2311450834031,-4.77603598102269,1.40566271533407,11968.3229519873,11806.5177266843,11500.4342956445,7134.68709580935,7211.42541856966,7330.89251065703,13.7234732510401,153.095007735376,3.36612314073136,-38.2715543775148,3.29130401736802,-23.202564075501,7058.70251389777,7063.99511051473,6878.73277150012,161.648833912555,301.6564273715,152.352368703489,7.21075287260055,14.0946925912508,8.27275548303987,-22.137181396658,-34.3969285714757,-29.7420104023058,3534.22655156535,3519.67977767197,3634.87819253118,263.410917305344,207.481980051175,208.087985192033,6.20199144890648,7.24378332724928,6.14621798227927
,23,17268.0163052231,16543.6814365733,17730.4629912554,4804.85107699352,4904.93171843861,4937.41273990856,12067.0173075975,11541.8694269006,12001.3252630528,12.8701872599236,2.10772302165788,7.27028427643017,15493.9689273237,16267.9136312754,16861.324688959,8923.88607564371,8940.76070622342,8862.10369742393,8703.56508639664,7929.27735295348,7922.18903784761,9.69073710591283,166.188112937372,3.83137289391334,14718.8078343406,15948.2838988156,15274.3156872058,12125.6742212781,12443.1794482155,12040.3391077973,11578.7656998836,11439.9552766274,12017.330302854,7.51915499382949,6.6747218499977,9.9689243793091,7992.46175903163,8218.8966876663,7179.60785559304,7874.70472438626,8137.47162108782,7996.26022430336,11755.3245711266,11595.6906604723,11857.0523041448,14.3115029132045,7.03676222897275,3.69120911737537,1187.25220405129,1160.85087486506,1254.34677515287,11605.026983623,11708.0328226259,11788.3953585086,11017.0829787183,11083.6221465967,11657.4688533376,4.92411037357579,4.74203039944905,8.04475852964106,113.748577311778,55.1591485380495,50.1388523762871,13438.1775333254,13466.887875281,13105.2004630797,8462.46074890366,8609.17318355096,8783.3110631932,6.39814106484664,168.287477521932,4.52366316187772,-32.8883250886456,-0.477981077291588,-18.5222274977295,9781.73102850844,9865.83076262424,9745.86182079686,385.565310242105,630.791275661019,351.847860602893,9.15226123809043,5.47856996150858,12.8591278888712,-17.6783575450636,-37.9418120253285,-24.230640898104,5896.16397613634,5987.15816566072,6138.30801839191,544.535802507684,478.111676164336,468.49440418384,10.8496048959737,10.1037752426273,8.96176991935954
,24,17307.4888895197,16558.5580223874,17761.8467861546,7433.23119729225,7588.00485923527,7587.18518965488,13058.8760962116,12709.0198405836,13100.7083430669,2.40620436298104,7.29902444678964,7.23421887438963,15595.2331748778,16371.8825251707,16963.3718136073,11274.8152630251,11370.0827853611,11278.5663056743,11218.4768860617,10585.6919308223,10786.0118824766,5.66824227030702,169.585923929138,5.55140444488097,15384.5684165797,16730.8649166935,16076.5526118845,13547.4094451123,13805.6639817878,13524.1167794096,13149.3991646362,12897.825369903,13555.820373178,9.80595487739538,12.5994779236721,2.99745307547892,10869.9635702809,10947.3742553265,9859.8609445048,10396.6208805004,10767.1576714698,10586.4857033419,13680.3446119841,13572.9984174831,13776.2964006655,4.68263340006342,4.26003332146547,7.13192725447607,2226.44831049914,2172.54201713565,2339.68280968535,13607.4949019438,13559.5587428799,13834.4879235395,12166.7691832739,12224.1354753702,12916.5204053438,9.6922168555011,11.9522606480145,1.62398744280245,247.926751672644,155.561829338392,151.884793561152,14189.6918189702,14282.7216347044,13974.8915405606,9260.14649091156,9472.23856374667,9682.89311163955,3.84688124827608,162.368943994339,4.67719891233082,-17.0339554119118,7.90882476684601,-16.3716091099805,12058.6608272851,12217.6853571769,12192.2436466223,796.08828376054,1228.56923750311,728.234181953132,8.57752437878025,1.38232035523606,10.207015153077,-17.8173031873448,-43.3435419954885,-33.7043752602585,8756.04006262949,9115.93739981803,9183.00261520585,1041.25750798629,973.879813932074,968.96960059575,2.376859678036,7.33712601612524,8.33695425632595
,25,17339.4026005058,16567.2356580855,17765.4524832618,10054.1501040328,10265.636093341,10182.059683504,13351.2436647488,13112.6905546001,13453.5146590533,6.17537293203441,7.06745681930761,-0.294795234909543,15640.539729909,16421.2487988535,17017.0496356285,12798.3069376838,12990.5584674897,12882.5618703115,13149.8281096327,12702.7424591272,13111.9366513405,4.90217000341772,171.739405464452,12.6517094010974,15777.6757764014,17181.6619686317,16545.5706272955,14167.1047617303,14345.249539353,14189.3417407262,13786.9340243966,13547.4043111101,14130.7239798765,10.4037232733026,6.01132862095574,5.22778094157366,13314.0785355744,13224.2929093783,12146.3174941151,12395.0938301777,12851.5600917922,12657.6159354091,14665.053287303,14513.1789254603,14725.2278579063,7.15097180911744,9.16999995688639,3.37089526818454,3973.12705959342,3923.41448338758,4193.76233908872,14642.121453036,14471.4910227861,14910.6268659339,12528.0859886964,12573.0709027345,13330.4856221741,4.32977156921424,5.93368203006867,7.87703926662243,531.941016250925,356.600992462236,358.033639054326,14356.136429525,14459.6509231551,14192.1475322689,9355.87677667233,9597.56258109351,9835.75372178533,7.59432318775816,171.568451866662,9.25529977182987,3.4593797907628,17.6041690225047,0.620017251153513,13566.6157514039,13765.0647094956,13859.0696516861,1591.67264199474,2343.94010877912,1428.02816869931,15.0930815590568,3.54637587269235,10.141681575682,-19.7637387048726,-37.4236047856593,-24.0943011196796,11293.0226506473,11955.3302086638,11905.7381421731,1974.51654436704,1942.87185994511,1891.65457913495,6.04323527469387,8.49662150293079,3.6941935562354
,26,17346.3659198937,16587.2360272451,17765.8627248427,12131.8972677841,12281.8997573888,12134.8708537198,13258.67919911,13074.8051894767,13380.4597104448,3.74684014892182,4.69114108393114,-2.93448816963155,15663.3029375755,16457.2782266132,17041.8172888912,13435.0874228766,13671.2203802388,13557.7902099527,14230.5775946477,13994.2316100801,14600.7215545825,7.02281995889462,183.438068470386,2.29386884177347,16025.33433662,17460.6571471208,16828.3736632485,14287.4813802498,14401.7150306853,14321.807061479,13778.1352377068,13598.7766581641,14067.6585028661,5.35679130950484,5.90830084059689,2.92595782414628,15102.3174437409,14854.2605575485,13817.939912101,13607.4862980504,14113.5904624025,13903.9014236494,14911.1526024124,14829.5441990808,14945.301061853,4.37059595402479,4.12361883960057,8.69247623319916,6448.73405916029,6436.46544907547,6784.57568715423,14916.068826387,14649.4927510874,15189.1285356824,12446.5530853189,12502.5302819056,13255.0287870111,9.47368039075673,2.8381008960182,15.1322135325559,1044.25726584145,719.865167456096,721.082404897238,14239.9330943374,14337.0969723321,14088.5028751564,9091.21897926733,9323.95750814633,9564.00964784363,6.05355916519875,176.354482193289,6.54530423892811,58.8084488421591,47.6328390348735,27.4642225733323,14252.5487088861,14477.3275743799,14662.3718114771,2933.95112999133,4153.73162208516,2645.73243503244,11.6248086789251,5.35680505653363,13.6577489333936,-20.5512638844057,-37.2574958373543,-22.952647557664,13162.6746534386,14126.2717983087,13938.3158747305,3527.01495033529,3504.95085156322,3467.4913681485,2.65644246110742,8.16380246948256,7.6518544307437
,27,17353.3789679037,16582.7750833519,17762.5200356557,13275.1609566536,13356.724341762,13151.8526211226,13056.7298938709,12871.0672885846,13153.8835156722,-6.28957128822094,5.2749732460843,7.67425696065493,15671.8689350827,16472.9886319078,17041.1092016391,13424.4029586465,13644.9796644163,13537.0720245602,14576.6785752451,14468.1102088484,15201.3374093335,6.80351446644545,181.601307058125,6.34930594378056,16178.5969210793,17630.8448689083,16994.4700689414,14151.7149371666,14232.1971596852,14172.7803065616,13489.9747975343,13389.8926422876,13732.4102523317,18.8310661889586,10.1041114143145,1.37342054014698,16176.8333190082,15885.8882908927,14876.2921639855,14043.673617275,14567.5366243042,14353.3738674439,14780.5191415145,14667.2853289012,14762.1222170797,4.81720428146537,1.1546023992878,5.54158432127906,9280.6962993978,9429.52891172235,9709.1089761039,14744.0296942189,14423.154409982,15015.5492398571,12221.9538436923,12280.2144183539,13002.3895471876,3.00521861639345,6.04264344258354,7.88217315542079,1990.5649632138,1428.57992254753,1406.02907089711,14028.3038946338,14095.9304774594,13855.1356604285,8731.07416565326,8958.43957840045,9199.7116623971,4.24588291078044,179.891631646118,2.82758915365912,152.44473662892,99.3473158524648,95.6590312289136,14308.9067560652,14526.0522749187,14768.1514691549,5110.28389498611,6831.87874924088,4637.7093800354,7.55985443727377,3.44572917259438,17.670696695086,-17.7534603037457,-28.3878087733701,-11.8118933505511,14106.0505435295,15314.1012041513,15003.4556873502,5914.56375105791,5961.87022748223,5946.2535598333,9.57618847785125,7.87433917501403,0.323632996039578
,28,17349.9766181945,16593.4823708067,17760.1260532175,13631.6759788903,13599.1956482612,13359.3918526018,12894.5268989307,12711.2543857759,12974.4430534795,3.45577091229916,4.83811679887003,7.68058715684583,15671.9100025504,16482.2668012516,17036.0049939488,13211.5798588515,13379.3535852259,13279.7461216766,14491.2800065345,14429.4030653588,15232.9011028212,4.11884973043607,190.601546055238,1.59603221851285,16272.1954405204,17738.0909354378,17085.1608355063,13984.4951431342,14056.6689927967,13994.433137909,13226.5123878879,13125.9049408889,13453.1073656874,2.93568908442194,5.64000463065668,2.52328499388614,16822.600585038,16524.0762912659,15516.5609524066,14000.7397182792,14527.3761765887,14280.1849262321,14575.0173044053,14544.60078641,14531.0696725225,10.0421989545925,8.26156020316603,2.69768346343517,11782.1508871811,12107.0552354187,12264.613087032,14499.5169742265,14147.5185188526,14753.9028776498,12060.1315828362,12127.0197415587,12809.8439101855,5.70513130313611,8.18829635156271,-2.98236793143815,3591.22205758511,2660.71182762283,2613.25080214135,13846.9185297036,13891.6282004847,13664.0111810213,8483.31948922361,8720.99533575481,8944.73449893408,3.90462913542297,177.888418751026,1.85844028858628,340.09855526395,221.458721016734,213.885414531454,14057.6492843202,14266.6459979655,14512.1776168162,8180.98754120298,10009.9263866297,7482.60372494152,4.31303751494806,3.90074273127948,4.563223940434,-8.23947925798348,-17.2627184410539,1.75123618668749,14297.9076509356,15646.0533527787,15238.3509321565,8962.14579487904,9142.26307996983,9197.7797309421,10.488401094743,5.56101124469569,3.36788078577138
,29,17363.251750381,16572.6575003295,17757.8828240555,13487.3511617355,13425.106121458,13172.0196947928,12796.4721214957,12602.47157563,12866.755262585,7.94967037223387,4.02921556060664,7.61131677884578,15664.2349621975,16465.5064050671,17025.5504152436,13045.4846142996,13163.5764070404,13077.4667935896,14264.5214080231,14196.2469252323,15009.6479756494,1.95871885537508,188.978248629177,7.92834781876763,16333.3293904219,17808.8424331685,17148.935092215,13858.9372332519,13919.6171084702,13860.1644461926,13078.5383299011,12970.225574907,13288.7367560431,5.74090108309929,5.25090861316812,6.09113537403709,17217.9741501349,16914.8563881076,15914.6623059089,13756.7782187473,14282.4860447904,14033.3115926892,14441.002158707,14391.1902037435,14378.1200563785,-0.513002746085022,-0.728210080332701,2.66825726187653,13719.9011500096,14218.2550717572,14200.2804396567,14338.33248981,13987.41039992,14574.3491784967,11968.6836914914,12037.4069035191,12694.560688503,8.46688790435201,1.65277308518944,6.18024539147382,5996.71241334687,4804.38971678758,4587.51678386532,13728.2729336294,13736.1778542746,13527.7816426189,8340.56200991605,8585.22244910115,8817.22648060119,-1.2181420941929,185.937233114711,1.66788617431894,713.688872501606,453.041381131011,467.865379749306,13775.4523630286,13957.7601467948,14194.5062469843,11412.7689287726,12820.3491130704,10614.0062536882,10.0346604676188,2.93173055502166,3.05480283330053,6.9703827477415,16.0140155696508,42.4637109528194,14108.7949960119,15510.7107051341,15046.7208064513,11712.3564299546,12034.1879911961,12230.3993016402,9.33955990690674,2.62855043543641,8.48755294858984
,30,17364.4409339297,16577.5988916099,17740.9654229686,13257.7155457596,13166.3235144415,12925.6602441826,12707.3820389121,12516.2688766917,12785.981534992,6.86762574533668,1.03295041771571,10.5494397720645,15647.434531649,16449.9163191114,17011.0325813292,12943.5304498978,13034.645324395,12951.4963765112,14038.2594284252,13960.6329625993,14762.7309911956,4.66085509474169,196.227429636491,1.29460581118201,16376.0166610927,17845.6188906375,17181.9042421805,13758.6509285699,13806.5514492489,13747.0649892213,12983.9538826861,12881.4197156546,13199.373653792,6.52860029180056,-0.142813632276102,2.14226990423322,17470.3040244893,17162.9929271999,16165.784394416,13513.9059193195,14042.4080411989,13791.0920129499,14336.3770271882,14279.3025658324,14272.1010194424,6.39518581817947,5.05127818848587,1.81239722896271,15003.1697231638,15625.5168851151,15586.0599078488,14232.0643439524,13886.2041096191,14460.3329756655,11898.3523303299,12094.318155667,12615.1961285059,3.0702291855132,2.26659254858396,-0.895643473030759,8878.30679653302,7596.19564329758,7359.52409649286,13630.5452102628,13619.8156417786,13412.3340298017,8243.38496949745,8496.56975710595,8711.57264144823,5.7557383186786,195.694732715594,8.60745216626538,1375.88684965421,884.011255808841,938.025492277418,13554.6998803548,13718.7813749562,13934.8407132433,14113.3723935953,14913.1763539962,13276.1717554093,0.950458154275566,2.72799261716409,-2.44665519631371,36.7398885017519,68.2585842207,126.450631509481,13847.8415732181,15252.1059323903,14750.144360782,13749.6178693307,14217.7463583119,14576.7283693328,4.10946346045739,-2.13866073410463,3.99120183754621
,31,17374.420884776,16573.4137661948,17737.7292403603,13104.165104042,12998.1733602963,12780.7812464275,12635.2945656851,12443.8256857732,12717.6724424742,-1.05796466042239,2.78049205592652,-2.87351789830609,15631.4915017588,16427.516531025,16985.3535254558,12881.8052544972,12952.4165946372,12878.1716474057,13884.7289610392,13785.4493582695,14591.0733221324,-2.69104399729758,195.915785971537,-3.48751807407461,16405.7308560489,17866.4360251849,17202.1326721669,13684.8848338952,13725.7452505054,13656.2399316013,12923.2675556911,12810.5282894012,13127.9297888464,7.38713904922452,-1.16606263112544,12.2105574610091,17626.2052186978,17322.854598931,16322.8858569098,13343.4069610815,13868.4611063703,13634.0480655403,14258.9078569778,14196.7769500126,14185.3582577977,1.41676371986296,7.03111395097631,1.08777290205853,15806.3188449016,16504.3638905533,16465.3102952608,14166.6492231996,13823.8096363902,14388.1402873848,11842.0968275205,12149.8808258393,12556.9428403038,2.76769918233367,1.96713299355861,2.20935118725947,11478.7612432384,10487.3151994248,10528.9979051973,13553.7119533535,13518.0679608086,13324.229867759,8151.69369021021,8427.42723573904,8628.04844259006,2.42862172192918,196.899457080041,3.4568306104461,2550.99665607932,1680.31386148909,1795.71065725812,13413.7869054507,13561.9510444225,13772.4757536341,15935.0312575389,16107.5024491727,15127.6895373955,-2.50300119082067,-0.433431191670934,-2.92714691984202,95.1186465843894,180.824688206194,281.367162085574,13668.3007981328,15052.8513724586,14556.6221134107,14766.938181699,15345.6694429873,15860.600072141,2.46444954514118,5.5254459041812,-0.416863367806855
,32,17358.470366171,16567.882639656,17726.7486384092,13011.7062794735,12901.2783486356,12681.9155743747,12572.7425377588,12394.1356930683,12660.7584694879,1.91043048448864,-1.12573029587656,2.17954380638093,15612.609788287,16412.8174606342,16955.0284860139,12826.891275163,12893.3566596907,12816.2347099563,13792.2748892283,13665.2499091974,14466.2641856334,-0.0606209914171814,206.128829391703,2.71286024056371,16414.4083015846,17876.1418265762,17205.0919960339,13609.8653723714,13660.856695646,13582.3452615611,12870.8753198057,12754.2999128717,13070.4466235737,1.81155967001041,0.961162306723054,0.798207643053502,17724.4896473396,17420.0704525919,16431.9129321201,13231.4711263088,13756.6156621446,13540.1049581045,14194.5099282138,14126.3990976643,14105.8776154994,3.93919868338662,1.67311325356013,2.58650394965071,16296.5480740214,17024.9107457507,17039.8515354002,14104.5960810483,13756.415867437,14330.6253496389,11790.4195644746,12210.4889421569,12501.2872293069,-2.57868264664785,2.9283499700723,-2.1817670685864,13518.1850686853,12944.4254936789,13191.1631075647,13476.3123828109,13431.9252232998,13241.1329771637,8068.37340963737,8357.48096880122,8543.31558837933,3.82259119402352,198.814146585556,-0.500592288767621,4465.24538337097,3048.21317765504,3257.80528330939,13305.2220595263,13445.9838038172,13647.2185931771,16787.0221458173,16535.246618785,16038.6149266333,-0.51340516979144,1.85437565567372,1.24627196948222,222.667970503072,384.098764147312,572.469288028261,13545.8534624691,14939.152811932,14427.7426145269,14891.9488531342,15528.7569265673,16153.968460133,1.66175743081476,3.57066736037723,2.19210722342586
,33,17349.4535644393,16555.1602384469,17716.9825058783,12952.5810180185,12824.8655885784,12613.9261151362,12508.5266414745,12344.172553365,12608.1706167855,6.61646981094236,3.98991934402875,9.43624063576999,15589.0031586915,16389.003301275,16914.7281048912,12791.8528950234,12851.2963807757,12771.1759550337,13721.4386953256,13685.3787465211,14380.411778206,3.23702814847456,202.127705363507,1.41467100499358,16408.2645727878,17880.9049771826,17212.0801406123,13548.7057615733,13594.3809940388,13514.7778603164,12818.9237334645,12687.8761098572,13000.5533006384,2.42868267694485,-4.43966604012803,8.46987314879379,17789.6155100191,17488.1383010178,16506.2788423961,13146.906799859,13669.0737727511,13461.2670024682,14142.6360968755,14060.5195048333,14047.7309182729,2.46117268159196,3.2412878699447,2.92559486292384,16610.3791603645,17353.7478272293,17299.1499705844,14051.6219475793,13704.2699576423,14275.29667819,11736.5689428461,12156.6581103862,12444.3866300019,-2.06671394443765,-3.56320913232867,-0.117473598792458,14892.2886400838,14732.1367412885,15096.6156984113,13403.9187237324,13351.7352193431,13175.9158908683,7983.07497955282,8283.90359328644,8485.47385882537,1.12729028849799,199.499663558123,6.70109991259505,7144.40987507195,5180.29751527587,5515.41579840789,13218.0911041437,13343.5160885938,13555.5198218709,16931.1065771234,16531.4377581034,16222.4185545231,1.28890085325702,2.69667416804259,-8.35823264591954,453.051516488503,783.985688735848,1129.41444233038,13456.7149580777,14848.7552456476,14344.7494409922,14562.9913456757,15201.741731175,15896.5686444624,6.66540257009137,-0.0447889018682872,0.262618323195966
,34,17327.6026120173,16532.6393943998,17697.5136843352,12903.5156403838,12765.9875969421,12554.3330785045,12445.8852583868,12295.6253492107,12549.8700699939,-0.292229538292304,-2.20765736149906,5.02395393162988,15563.6174342038,16364.0673555602,16889.5393617571,12753.8553626344,12813.7613135136,12723.2560294855,13663.8961161745,13737.5788733403,14302.6492340614,3.67807231979259,200.655047973708,-3.66151270446335,16405.5215418058,17875.9151442886,17220.1421977527,13489.7227271252,13529.363354207,13457.302383992,12770.2717391358,12636.4457909955,12946.8606124404,-4.05757684973287,0.132307412340197,-5.70389763524463,17835.4108637309,17528.9694925387,16563.6298220409,13077.3612246149,13597.0181849506,13408.9822866433,14089.1053379923,14001.7761895766,13994.6565584071,3.16748256739675,1.81811974127186,-1.02072326651341,16796.0008577426,17548.7058207097,17457.9210455632,14001.7168864683,13648.5122351033,14224.3429058598,11706.3744818845,12111.7856010895,12383.6299289116,8.42943205805295,-1.07612668329466,0.11575023782143,15703.936419676,15854.9337358111,16320.6574343313,13353.4610162554,13282.6448257057,13098.0711138646,7908.39977625478,8212.65117647946,8436.74557325273,-2.244378379914,208.75082933856,0.902294036887724,9962.69303373155,7981.91256441659,8422.45171314772,13143.3823708973,13262.1154620904,13470.2079995333,16717.02667695,16359.1385535156,16023.940971129,-0.880211786883137,4.27863127987393,-1.2393110752937,900.049640030694,1512.99435919787,2103.24236909,13378.9254222552,14786.3942023478,14260.8955734147,14144.2000263928,14765.1067126001,15490.8109536442,-0.748739590472724,5.43498048006131,-1.19602877199668
,35,17323.4649758379,16512.0826815508,17691.2878656041,12856.8561624365,12712.8418688573,12530.3909281316,12394.3907162777,12233.9363788945,12494.7305921138,-4.79309268555971,3.7498199616748,-7.79836491536571,15539.0453517692,16332.7953952968,16860.7373761017,12720.4060051558,12767.8076204614,12690.261943132,13593.2665087226,13784.1835753204,14254.3855882543,-5.50302242952057,213.902113905604,1.79408610396649,16401.111615847,17864.4579636982,17208.2478739211,13431.8697336434,13465.5302036565,13387.6524953804,12720.3264216494,12579.583312472,12893.0954257185,-4.69624492144931,11.9207281883446,1.20631271487264,17857.2544478665,17566.2160171757,16593.8563992218,13013.8636585144,13547.7676683007,13350.5932755427,14031.7387149081,13946.3620899383,13945.3243387451,0.0131172876672281,-2.48106855140213,7.82042265950986,16916.3328107805,17680.7931057297,17553.4140873265,13952.3809950254,13594.5177534134,14174.4670363679,11666.3003660588,12051.9466838198,12326.8636808044,2.35420712389714,-1.49101529120844,1.64790360687266,16178.221412796,16518.1845268118,17034.2814154446,13296.3658226839,13218.2374112949,13042.1865583686,7833.3290924805,8164.74923645359,8380.046543019,1.37313239335572,211.449289552445,-4.81372042933344,12470.4586147044,10669.5419711805,11112.510600816,13075.6288204374,13189.7698508914,13396.2213500739,16443.080098849,16189.8759513922,15750.5088233513,-1.65685246931844,-0.628623923087162,0.052402187835014,1692.64882974238,2779.78154883228,3759.86351168907,13313.7312551484,14704.2696842453,14205.552414755,13818.2288400971,14418.7564792874,15153.2198064666,-2.08237235785055,-2.40206930388831,-1.91030989185128
,36,17306.9646552377,16494.7744533347,17681.7506720388,12817.2610190897,12663.9497883099,12496.8860066568,12342.4752592986,12186.4950234517,12433.4019936646,0.514112297375959,-2.12490431094193,-2.22698151678514,15505.3611590912,16306.7625149241,16829.3501115154,12684.0599337017,12727.4288739457,12654.5794197141,13530.0285669398,13727.7494164184,14208.5179079849,-2.84711979386566,213.879639362881,2.29338111361267,16390.4301523841,17851.7908252435,17207.1143597919,13374.5484859194,13411.0193537382,13332.4218258091,12685.5686940113,12536.424516116,12839.5035342488,-3.0826142280539,-5.14759326252988,-5.48500802782701,17862.6645112501,17582.7688037815,16617.9551681314,12960.3327221533,13485.4210375809,13314.5368872467,13978.1692849876,13880.9601818057,13882.7945577192,3.20763732745218,-4.8347577236259,-4.79731678060398,17001.6802146405,17758.737393541,17622.8360236685,13901.2651788475,13545.5155859509,14124.5446302104,11620.9050310346,11990.2058811877,12270.1167596453,-4.49320113576641,-2.56269587035467,1.41187175317646,16476.2492721913,16889.8358680154,17449.7273703671,13245.4632137948,13153.7908990838,12977.1764990406,7766.70543788264,8114.60387531672,8324.05828755786,-6.14522510669713,213.928571860798,-5.06495324954585,14358.5732731692,12907.9192405372,13309.8446149756,13014.7557923005,13123.3741406077,13320.2627040505,16213.1847262048,16039.7865529049,15520.6189359951,-3.6043135085788,1.78531766740298,-0.228383822983687,3075.67487852312,4817.8462482108,6217.04925654127,13261.1875786022,14634.9832818116,14135.7713220782,13584.8194987558,14159.8432821848,14896.268851619,-4.58597769086964,-9.21679014745678,-6.22751139518186
,37,17292.471488994,16479.7615077399,17659.7828474242,12778.8026275749,12627.7355169411,12458.8010542432,12288.4119815288,12137.9354515499,12372.6168225278,-6.32264694635842,-4.28735345213045,-1.08994905476447,15467.8810417046,16275.5653387897,16785.9760281793,12652.1365140235,12689.6967852927,12619.9226002526,13475.2518312231,13671.3662671356,14155.1521910744,-0.825012833497112,213.601015250165,-3.71610073469856,16378.4460114221,17840.4548005805,17182.6571959414,13317.4807564719,13355.6703993958,13279.5641091118,12640.032727455,12482.8945421754,12792.5123935817,-2.60133380773414,-6.63734216428975,5.82269052963193,17865.2995110959,17591.3033061466,16628.2841117104,12907.4950909444,13438.8748842173,13264.9926955559,13936.9053819842,13817.1965599878,13828.2288849775,-9.45029709293885,-1.80262137617001,-5.48802367694361,17051.3254698076,17818.6456218732,17663.9480843066,13849.0264467486,13498.1376612888,14073.6992416873,11571.557261861,11925.666707399,12215.8026533252,-5.13059523291486,-8.97454488371113,-3.91513591954663,16645.04637136,17109.5357770024,17682.488260559,13172.7753681909,13096.702548811,12917.4028874708,7708.5781007811,8064.38273401732,8264.85613405795,-2.2380844905615,215.067574144421,-5.72104601108867,15608.6022637769,14492.4910067347,14819.0694087681,12953.5807310207,13051.8151694286,13258.1911601267,16027.5077562449,15910.9516030325,15340.2981377025,-0.436815284088425,-8.19730199866399,-4.5278913868342,5233.75795616613,7589.66288099695,9121.40204593192,13210.2223177164,14565.142090168,14075.9514899462,13419.3768549938,13976.7522278627,14709.7035844078,0.649200939602906,-5.52443361028327,-0.347599216899198
,38,17285.4851406186,16470.6501564191,17638.1998367094,12753.8423140029,12587.3761042916,12411.7332638374,12240.1742495327,12087.5347031554,12309.6191863889,-7.26366584249809,-1.67077947044845,-9.41391371958798,15454.5779096701,16250.4521562431,16740.0856800066,12632.4455074528,12660.8670572482,12585.0308438969,13425.4418312146,13625.931461213,14104.0423308738,-2.34423238905219,223.235819737308,-2.90786757550768,16357.2802781632,17823.802428254,17165.8271182577,13265.9435588816,13303.8224688183,13233.2955371843,12598.8314708176,12429.566168447,12738.3502836375,-8.45282589924591,-5.11031414708668,-6.46073113426837,17863.7167170801,17597.0407539352,16645.4525335995,12872.5008623608,13380.3457731234,13221.9697686039,13879.1882455806,13751.5912592695,13770.4082451704,-7.08652505904593,-6.98581592333585,-3.25580323093527,17078.8804076695,17851.5333974395,17678.0676722356,13803.4366003799,13458.6892920458,14135.4714790582,11547.1285417516,11870.5278361593,12157.7023114911,-3.23599743749583,-5.17104059037183,-5.77332545224635,16762.7732514213,17235.0870512342,17823.568428487,13126.536080496,13034.9053468456,12843.8460224376,7624.76188841209,8010.74137475409,8219.87276015712,-0.8542278788359,223.527952981173,-4.80426886358418,16309.2316066986,15493.1386611294,15739.7685044106,12906.5378537611,12981.3685165731,13201.5628323699,15870.5088880888,15785.5655065438,15188.2785032163,-6.9273284915821,-9.12247129555271,-5.1928707143984,8090.8320473506,10519.2596257476,11697.0455337778,13168.3496663986,14525.1373761349,14001.732140176,13315.5953130321,13842.9395882453,14583.7243951372,-5.21873846935978,1.55386083034773,0.690801535810351
,39,17282.5275488049,16455.6650787288,17616.7434889153,12727.7815869126,12550.4439968156,12378.9820191942,12193.4614152619,12030.3117645443,12260.0408650783,-4.44184222136028,-1.67113943635695,-7.96658036766166,15428.5153870889,16223.3571100917,16711.8486880725,12598.9676153275,12629.678367201,12547.9787225346,13496.709356552,13578.9070441905,14065.6754907686,-8.27879145344286,221.648089931638,-7.35850900168452,16339.8003811861,17800.5573336245,17133.1593836151,13214.7088749373,13263.9608447696,13187.3768981044,12542.1820759021,12382.3371640216,12692.684130661,-9.36597868468789,-4.62613720569743,-14.0978894576733,17857.6557852214,17583.8957846355,16655.6659924617,12830.9832371526,13338.2013249256,13186.3592764921,13819.0187434656,13695.8516906002,13720.6897456089,-5.79503422224479,-1.01491547482556,-3.01727638488637,17091.4931884006,17877.7258076791,17677.1213776626,13760.940032483,13421.4967894725,14213.7712695002,11558.62207111,11815.4458626654,12101.9881720108,-3.8483605601923,-2.28499420050366,-10.0280100263644,16808.0320233256,17323.5295819834,17905.1309657634,13080.1038945031,12984.2816280209,12782.3104517306,7559.33533935046,7958.20416959593,8165.60801131119,-5.95219743741382,225.141235452315,-5.60591652786161,16743.9899766093,16092.6637315651,16283.8334180366,12861.7843484785,12925.8202623155,13156.9952453348,15733.4686355264,15674.4704770166,15062.1905348551,-10.2715907963616,-3.22618753287088,-7.54585291595231,10854.1667708314,13055.088239653,13675.8914866266,13129.0538174817,14483.0868098571,13950.009387213,13250.2925060318,13754.6356010928,14497.1058000762,-7.70071742712935,-8.10392189983713,-5.15157768493191
,40,17276.3843621785,16442.5897950588,17602.3017354652,12699.6766286189,12522.260047131,12357.6372919969,12130.695774307,11982.7390496979,12215.5935511389,-2.99572434168658,-5.17626105086129,-10.8934741159351,15387.5507297022,16203.1387141201,16688.1892774748,12560.7022109917,12606.8366315322,12513.8054799304,13681.2947070985,13534.3416326996,14042.9191556445,-8.66641229059178,230.795379229158,-11.7703664407632,16316.9551276405,17777.5238997602,17119.8066772985,13166.6828865877,13228.9624473837,13134.4243513029,12488.9304117792,12350.7130681087,12642.4102327658,-9.80798553470959,-9.79160500299849,-6.16937184216249,17839.6711793736,17565.8315253791,16671.3815731185,12790.3835031987,13294.0315575923,13173.9557997051,13763.6368722171,13626.7518188791,13677.1100911169,-5.73979681817082,-6.64719539988391,-3.73393501704686,17116.325648147,17887.4390014136,17674.9853663687,13718.0025678986,13393.9936643056,14303.6597074865,11591.0730780812,11770.4580719073,12053.3761888113,-9.56733481544006,-0.761415428552937,-7.11499956364651,16846.1281106564,17384.4118637455,17958.7354369954,13052.0311880591,12929.4298208056,12727.8944714362,7503.73285850295,7909.32986850413,8115.49898061451,-5.39902476356883,221.323536786314,1.42310996621927,17066.3576026871,16495.6195837936,16646.6484965042,12818.0361373383,12875.5616409793,13119.5456076923,15614.2443539696,15561.2517491105,14952.5775466226,-6.79552457779801,-5.19955087490189,-5.91916468600812,13434.2189521187,15197.1487227131,15131.8934534444,13094.8921030817,14438.2975084023,13905.0201906964,13211.9662989997,13690.8528237445,14433.8588372818,-11.2104077316235,-11.1459971502618,-9.00641248971806
